Tweet,TextBlob Polarity,TextBlob Score,Vader Polarity,Vader Score
"RT @BoycottUtah: It is Tuesday, April 7, 2020. One citizen, I call for the removal from office by any legal means, the impeached fascist Do‚Ä¶",Positive,0.2,Negative,-0.48
"It is 7:21 PM April 7, 2020. Donald J Trump is responsible for the death of 12,291 fellow Americans and counting.‚Ä¶ https://t.co/bf6kVK7S6W",Positive,0.2,Negative,-0.38
"RT @Julia3131: I agree with Donald J Trump.

When he says at his Press Conference: 
""Nobody's done anything like we've been able to do""

Da‚Ä¶",Positive,0.5,Positive,0.61
"RT @40_head: 8. And, Donald J. Trump gets elected exactly 100 years after that 1916 election, answering the call to end the Cabal's reign o‚Ä¶",Positive,0.25,Neutral,0.0
"RT @XArmandKleinX: üá∫üá∏President Donald J.Trump :
USNS Comfort‚Äîa ""70,000 ton message of hope""‚Äîhas arrived in New York Cityüá∫üá∏AMAZINGüá∫üá∏üëçüá∫üá∏üôèPray‚Ä¶",Positive,0.14,Neutral,0.0
RT @steelslat: @hughhewitt @JenniferJJacobs They'll be available exclusively at the White House gift shop for $139.99 and come with a free‚Ä¶,Positive,0.2,Positive,0.44
"RT @JohnMTalmadgeMD: @SuziReynolds2 My professional opinion is that Donald J. Trump is impaired to the extent that he is not mentally, emot‚Ä¶",Positive,0.08,Neutral,0.0
"@jbarro If you're all so convinced you'd be such a better president than Donald J. Trump, why aren't you president?",Positive,0.25,Positive,0.75
Free The Tiger King - Sign the Petition! https://t.co/G9wgKe8rng via @Change,Positive,0.4,Positive,0.56
"Social #distancing was a step in the right direction, but it is not #enough. As long as people are congregating - e‚Ä¶ https://t.co/9JpEbH50hN",Positive,0.07,Neutral,0.0
"@CheriJacobus ""Must be a pretty picture, you dropping to your knees""
- Donald J Trump

This is why she got hired. P‚Ä¶ https://t.co/MTXHxNmjtC",Positive,0.25,Positive,0.49
Nobody better at the ‚ÄúBlame Game‚Äù than donald j. trump https://t.co/1q6JcbAWrS,Positive,0.05,Positive,0.44
"RT @ianbassin: As usual, a must read from @JVLast: ""Trump Ignored All of the Warnings.""  

""it is literally true that the only president in‚Ä¶",Positive,0.03,Negative,-0.18
RT @thebradfordfile: Donald J. Trump is getting even better at being president. The opposition thought this crisis was finally going to be‚Ä¶,Positive,0.25,Negative,-0.45
@john_johnsenior @ClintSmithIII Only losers feel the way you do. For the most part all Americans are very proud of‚Ä¶ https://t.co/2VRJ0d55bH,Positive,0.33,Neutral,-0.0
"Donald J. Trump was never held accountable for anything in his rich, silver spoon upbringing. Now as an adult he ca‚Ä¶ https://t.co/4tjkktcv1T",Positive,0.24,Positive,0.56
"RT @BMcAdory9: @realDonaldTrump Donald J. Trump is the most prosperous President that America has has in a lifetime!!! Thank you, President‚Ä¶",Positive,0.78,Positive,0.78
".@kayleighmcenany is a Massive liar, believe me. TREMENDOUS liar. Like you‚Äôve never seen before. It‚Äôs why I love he‚Ä¶ https://t.co/1yhqUPxCvC",Positive,0.28,Neutral,0.01
"RT @XArmandKleinX: üá∫üá∏President Donald J.Trump:            We are speeding urgent economic relief to American workers, families, and employe‚Ä¶",Positive,0.1,Positive,0.6
"['FabbysDelights;rep. @jerrynadler (d-ny) wisely takes key step toward possible impeachment:;West Palm Beach', ' FL & NYC;99;867;0;en;-80.0533746;26.7153424;United States;unknown;positive']",Positive,0.23,Positive,0.42
"['SeeThroughWeb;get others to tell your story', ' and more personal branding lessons from president trump;Toronto', ' Canada;43;0;0;en;-79.3831843;43.653226;Canada;sadness;neutral']",Positive,0.25,Neutral,0.0
"[""MVHannigan;i can pretty much regulate my morning by president trump's tweets on @realdonaldtrump ... they always come during the same time frame.;unknown;724;0;0;en;-100.113952;76.250578;Arctic;unknown;positive""]",Positive,0.15,Positive,0.49
"[""realestatesuzzi;@realdonaldtrump @nytimes keep them honest! i love it i can't get enough of it. :-) thank you president trump! :-) i just love saying that!;unknown;71;0;0;en;-100.113952;76.250578;Arctic;joy;positive""]",Positive,0.4,Positive,0.96
"['McMcIntoshed;president trump slams ""hero"" mccain: ""look at the mess our country is in"";Enfield', ' London;1035;0;0;en-gb;-0.0807119;51.6522994;United Kingdom of Great Britain and Northern Ireland;joy;neutral']",Positive,0.31,Positive,0.74
['janathe9s;watch: federal appeals court refuses to reinstate president trump√¢‚Ç¨‚Ñ¢s travel ban;UK;832;9;0;en;-3.435973;55.378051;United Kingdom of Great Britain and Northern Ireland;unknown;neutral'],Positive,0.8,Positive,0.62
['connellycs;president trump exhibits classic signs of mental illness: shrinks;Frederick MD via KY DC VA;1099;0;0;en;-100.113952;76.250578;Arctic;unknown;neutral'],Positive,0.03,Negative,-0.4
"['bearcub101;now croatia is mocking president trump√¢‚Ç¨‚Ñ¢s √¢‚Ç¨Àúamerica first√¢‚Ç¨‚Ñ¢ with a hilarious viral video;Los Angeles', ' CA;40;0;0;en;-118.2436849;34.0522342;United States;joy;neutral']",Positive,0.5,Neutral,0.0
['shillstudios;@realdonaldtrump @nytimes god bless you president trump.  keep fighting the good fight!;Atlanta;215;0;0;en;-84.3879824;33.7489954;United States;joy;positive'],Positive,0.7,Positive,0.68
['ejoy2270;americans are furious√∞≈∏Àú\xa0 impeach these liberal judges√∞≈∏‚Äô¬©  they care more about refugees  than americans√∞≈∏‚Äù≈† president trump tr√¢‚Ç¨¬¶;unknown;2614;9;0;en;-100.113952;76.250578;Arctic;joy;positive'],Positive,0.5,Positive,0.49
"['DaveD1420;@realdonaldtrump @nytimes president trump', ' you sound like a baby.;Grand Forks', ' ND;125;0;0;en;-97.0328547;47.9252568;United States;joy;positive']",Positive,0.4,Positive,0.36
"[""Voke_O;an 8-year-old american girl was killed in president trump's first military operation.;United Kingdom;790;3608;0;en;-3.435973;55.378051;United Kingdom of Great Britain and Northern Ireland;unknown;positive""]",Positive,0.15,Negative,-0.1
"[""Rubin0737;@newday @richcasa i don't think president trump became the president to get rich"", ' i think he is the president because of his success!;unknown;24;0;0;en;-100.113952;76.250578;Arctic;sadness;positive']",Positive,0.38,Positive,0.6
['Christo03568494;president trump is making satire great again;PRESTON UK;109;148;0;en;-2.70309;53.763201;United Kingdom of Great Britain and Northern Ireland;joy;positive'],Positive,0.8,Positive,0.85
"['Kilroy80401;president trump: ""i\'ve learned a lot in the last 2 weeks and terrorism is a far greater threat than the people of our country√¢‚Ç¨¬¶;Golden', ' CO;177;2894;0;en;-105.2210997;39.755543;United States;unknown;negative']",Positive,0.2,Negative,-0.76
"['JoaoSAlbergaria;""it√¢‚Ç¨‚Ñ¢s really tricky now as satire has become reality', '√¢‚Ç¨\x9d trey parker', ' creator of...;unknown;55;0;0;pt;-100.113952;76.250578;Arctic;unknown;negative']",Positive,0.2,Negative,-0.22
"['DotLolly;""many muslims opposed to radical islam welcome president trump\'s order. it\'s very pragmatic"" ~ @missdiagnosis   #travelban√¢‚Ç¨¬¶;unknown;1764;968;0;en;-100.113952;76.250578;Arctic;unknown;positive']",Positive,0.5,Positive,0.46
"['PaulOwenRec2Rec;@realdonaldtrump @hillaryclinton keep going president trump', "" with each of your successes ld's are going lower + showing their true colours.;England"", ' United Kingdom;1350;0;0;en;-1.1743197;52.3555177;United Kingdom of Great Britain and Northern Ireland;unknown;positive']",Positive,0.57,Positive,0.9
['Bill46122502;through all this bashing & all ur hard work to date u r standing strong u r the greatest president of all time feel the lu√¢‚Ç¨¬¶;unknown;297;3;0;en;-100.113952;76.250578;Arctic;unknown;positive'],Positive,0.38,Positive,0.8
['DavidReveal;president trump who convincingly won the election should form a community to investigate hillary clinton and lock her up. lock her up;unknown;3;0;0;en;-100.113952;76.250578;Arctic;unknown;negative'],Positive,0.5,Positive,0.74
"['Amyloukingery;wife of wounded warrior meets with president trump', "" proposes 'real solutions' for va;Virginia;15157;1;0;en;-78.6568942;37.4315734;United States;unknown;positive""]",Positive,0.2,Positive,0.18
"['pennyman441966;@kellyannepolls @ap i support both you & president trump. keep up the good work;Tennessee', ' USA;38;0;0;en;-86.5804473;35.5174913;United States;joy;positive']",Positive,0.7,Positive,0.68
"['BSAFunds;yahoofinance: live: president trump called china√¢‚Ç¨‚Ñ¢s xi jinping', ' commits to √¢‚Ç¨Àúone china√¢‚Ç¨‚Ñ¢ policy spyjared;unknown;21452;0;0;en;-100.113952;76.250578;Arctic;joy;positive']",Positive,0.14,Neutral,0.03
"['ravikumar_8484;poll: 95% of americans who voted for president trump approve of his performance in the presidency so far  (public polic√¢‚Ç¨¬¶;Rajkot', ' India;1047;314;0;en;70.8021599;22.3038945;Republic of India;joy;positive']",Positive,0.05,Neutral,0.0
"['Milcal_Anatmcl;president trump signs three new executive orders on crime reduction;Arkansas', ' USA;360;129;0;en;-91.8318334;35.20105;United States;unknown;neutral']",Positive,0.14,Negative,-0.54
"['Jordan_FHT;live: president trump to meet with japan√¢‚Ç¨‚Ñ¢s pm shinzo abe. @spyjared talks about their rocky relationship;Chelsea', ' London;233;5;0;en-gb;-0.174936;51.485093;United Kingdom of Great Britain and Northern Ireland;joy;negative']",Positive,0.8,Positive,0.62
['Donna_pas;@foxnation @foxnews time for a new executive order president trump...#keepussafe;unknown;19;0;0;en;-100.113952;76.250578;Arctic;unknown;positive'],Positive,0.14,Neutral,0.0
"['Smart3DWeb;president trump - new world order in reverse ( inauguration ) 2017 pope francis;Louisville', ' Kentucky', ' USA;3024;1;0;en;-85.7584557;38.2526647;United States;unknown;positive']",Positive,0.14,Neutral,0.0
"[""mallyskok;are you ok with several patriots' decisions to skip white house visit with president trump? yes perfectly ok with it;Boston;13627;0;0;en;-71.0588801;42.3600825;United States;unknown;positive""]",Positive,0.25,Positive,0.88
"['Richieamx;the 9th circuit has no authority to rule on an executive order by president trump! the law is very clear that trump is√¢‚Ç¨¬¶;Missouri', ' USA;3722;149;0;en;-91.8318334;37.9642529;United States;unknown;positive']",Positive,0.13,Positive,0.45
"['HannahChapter1;on thursday night', ' president trump√¢‚Ç¨‚Ñ¢s immigration ban met another major defeat in court.;unknown;471;41;0;en;-100.113952;76.250578;Arctic;unknown;neutral']",Positive,0.06,Negative,-0.78
['Qionisolo;the latest episode of can he do that: should president trump be spending weekends at mar-a-lago?;unknown;118;4;0;en;-100.113952;76.250578;Arctic;unknown;positive'],Positive,0.5,Neutral,0.0
"['USb4russia;survey: 83% of us mayors expect trump will cause either ""some harm"" or ""major harm"" on affordable housing;unknown;733;14;0;en;-100.113952;76.250578;Arctic;joy;positive']",Positive,0.06,Negative,-0.81
['OhMySuzieQ;@realdonaldtrump @nytimes i love your news media president trump. i pray for you and our nation everyday.;unknown;24;0;0;en;-100.113952;76.250578;Arctic;joy;neutral'],Positive,0.5,Positive,0.76
"['Maxa_FHT;rt yahoofinance: live: president trump to meet with japan√¢‚Ç¨‚Ñ¢s pm shinzo abe. spyjared talks about their rocky relati√¢‚Ç¨¬¶;London', ' UK;314;0;0;en;-0.1277583;51.5073509;United Kingdom of Great Britain and Northern Ireland;joy;negative']",Positive,0.47,Positive,0.62
['RETTinol;@realdonaldtrump the american people love you president trump√¢\x9d¬§√∞≈∏‚Ä°¬∫√∞≈∏‚Ä°¬∏ stay strong! these idiot judges/media/hollywood are the minority√∞≈∏Àú¬°√∞≈∏‚Äò≈Ω√∞≈∏\x8f¬ª√∞≈∏‚Äô¬©;unknown;3353;0;0;en;-100.113952;76.250578;Arctic;joy;neutral'],Positive,0.03,Positive,0.67
"['SnowyinChi;under armour ceo says president trump is a ""real asset""  steph curry: ""i agree√¢‚Ç¨¬¶ if you remove the \'et\' from asset"";Chicago', ' IL;144;677;0;en;-87.6297982;41.8781136;United States;unknown;positive']",Positive,0.2,Positive,0.36
"['PaulaPowell5;under armour described president trump as ""a real asset"" to the country. then stephen curry responded.;unknown;51;435;0;en;-100.113952;76.250578;Arctic;unknown;positive']",Positive,0.2,Positive,0.36
"[""thus_spake;president trump on friday morning ripped into an appeals court's decision to reject his executive order on immig...;England"", ' Great Britain.;2477;0;0;en;-1.1743197;52.3555177;United Kingdom of Great Britain and Northern Ireland;unknown;neutral']",Positive,0.8,Positive,0.76
['YAlhethali;president trump needs to be reminded that its great friend - australia - is not a doormat for the usa #auspol @realdonal√¢‚Ç¨¬¶;√ô‚Ä¶√ô‚Äû√ò¬®√ôÀÜ√ò¬±√ô‚Ä† √ò≈í √ò¬ß√ò¬≥√ò¬™√ò¬±√ò¬ß√ô‚Äû√ô≈†√ò¬ß;54;173;0;ar;144.963056;-37.813611;Commonwealth of Australia;joy;positive'],Positive,0.8,Positive,0.81
"[""karkusistrange;.  dear president trump  it's friday"", ' feb. 10', ' 2017  this is our daily ""thank you""  sincerely the american people  @real√¢‚Ç¨¬¶;unknown;26;20;0;en;-100.113952;76.250578;Arctic;unknown;positive']",Positive,0.17,Positive,0.8
['UKStartupEvents;watch live: president trump holds joint press conference with japanese prime minister 1 pm et;UK;10657;1;0;en;-3.435973;55.378051;United Kingdom of Great Britain and Northern Ireland;joy;positive'],Positive,0.31,Positive,0.62
"['angel7731;@realdonaldtrump @nytimes president trump ignore those who lie about you! stay strong! make america great again!;Fort Wayne', ' IN;93;0;0;en;-85.1393513;41.079273;United States;joy;neutral']",Positive,0.62,Positive,0.78
['everSoTweetly4u;americans trust trump administration more than news media in new poll; FLORIDA & TEXAS ;1755;4;0;en;-81.5157535;27.6648274;United States;unknown;positive'],Positive,0.32,Positive,0.51
"['twigsr1960;have you noticed president trump is proud of his exec. orders and signs them on tv', ' unlike the other guy who signed the√¢‚Ç¨¬¶;South Carolina', ' USA;58;142;0;en;-81.1637245;33.836081;United States;joy;neutral']",Positive,0.34,Positive,0.48
"[""edavid57edavid;the victim of president trump's latest twitter attack? democratic senator richard blumenthal.;unknown;671;133;0;es;-100.113952;76.250578;Arctic;unknown;negative""]",Positive,0.21,Negative,-0.64
"['aliostad;on annivesary of iranian revoution', ' hardliners quite grateful to president trump for his tough language & some hope he√¢‚Ç¨¬¶;UK;1084;1;0;en;-3.435973;55.378051;United Kingdom of Great Britain and Northern Ireland;unknown;neutral']",Positive,0.21,Positive,0.87
"['Irishgir70;grand #president #trump removes debris', ' a lot of dust', ' visible path to prosperity rich #america!;unknown;1422;31;0;en;-100.113952;76.250578;Arctic;unknown;positive']",Positive,0.38,Positive,0.6
['ESharples67;@realdonaldtrump thank you president trump. most of us get it.;unknown;0;0;0;en;-100.113952;76.250578;Arctic;sadness;neutral'],Positive,0.5,Positive,0.36
"RT @gayleasher1: Donald J Trump is a POS!  

Trump thinks we‚Äôre all as stupid as his MAGA cult.

If he‚Äôd done what he should, our Govenors‚Ä¶",Negative,-0.8,Negative,-0.57
"Unfortunately you also intentionally rejected millions of W.H.O. test kits resulting in 1,000‚Äôs of our people dying‚Ä¶ https://t.co/Q2YZlRE8u8",Negative,-0.5,Negative,-0.69
"@SallyDeal4 @WhiteHouse @realDonaldTrump And last but never the least, YOUR President John F. Kennedy  left his cha‚Ä¶ https://t.co/1n8WajPwGM",Negative,-0.1,Neutral,0.0
"RT @Amy_Siskind: Under Donald J Trump, we have gone from global superpower to reacting like a less developed country.  Lying is not a strat‚Ä¶",Negative,-0.02,Negative,-0.16
RT @ThePubliusUSA: The Navarro memoranda will be Exhibits 1 and 2 in Donald J. Trump‚Äôs criminal homicide trial concerning his response to C‚Ä¶,Negative,-0.4,Negative,-0.53
['Flwrgirl66x;congress must not allow president trump to unleash a dangerous and costly nuclear arms race.;unknown;245;5672;0;en;-100.113952;76.250578;Arctic;unknown;negative'],Negative,-0.6,Negative,-0.63
"['sunezzell;anne frank center calls out trump and house republicans for ""anti-semitism√¢‚Ç¨\x9d over holocaust statement;California;377;127;0;en;-119.4179324;36.778261;United States;unknown;positive']",Negative,-0.1,Neutral,0.0
['adamssakick;soros: √¢‚Ç¨Àúi will take down president trump√¢‚Ç¨‚Ñ¢;unknown;319;0;0;en;-100.113952;76.250578;Arctic;unknown;positive'],Negative,-0.16,Neutral,0.0
"[""Fuck_Trump_Bot;@impeach_d_trump you should impeach all you fucking assholes. president trump is the best.if you don't like it get the fuc√¢‚Ç¨¬¶;unknown;250;1;0;en;-100.113952;76.250578;Arctic;joy;negative""]",Negative,-0.6,Negative,-0.74
['gcc954;president trump is sticking to his game plan despite the dems trying to block everything he is making progress and americans stand with him;Northeast  U.S.;207;0;0;en;-99.9018131;41.4925374;United States;anger;negative'],Negative,-0.4,Neutral,-0.03
['LegInsurrection;president trump must not back down on immigration executive order;unknown;23320;0;0;en;-100.113952;76.250578;Arctic;unknown;positive'],Negative,-0.08,Neutral,0.0
"['lisaskov;from the podium', "" @seanspicer just made clear judge gorsuch wasn't talking about president trump. makes an already weak answ√¢‚Ç¨¬¶;unknown;20;257;0;en;-100.113952;76.250578;Arctic;joy;positive""]",Negative,-0.14,Negative,-0.08
"['jameskfan;@realdonaldtrump @nytimes i hate the lying media president trump.;High Ridge', ' MO;174;0;0;en;-90.5365126;38.4589432;United States;anger;negative']",Negative,-0.8,Negative,-0.8
"['Debbieelsberry;@realdonaldtrump @nytimes standing behind you president trump. people need to respect you and that starts with media . #maga;Paris', ' IL;90;0;0;en;-87.6961374;39.611146;United States;joy;positive']",Negative,-0.4,Positive,0.48
"['DonaldLBean1;@greta @msnbc president trump has the authority! time to go to the supreme court! sick of these liberal', ' activists jud√¢‚Ç¨¬¶;unknown;22;2;0;en;-100.113952;76.250578;Arctic;disgust;positive']",Negative,-0.71,Positive,0.29
['nickie_greer;@brianstelter @realdonaldtrump @ethanklapper is it your fear president trump will make a decision based off of a networks fake news/cnn?;In your face. ;8509;0;0;en;-96.8110457;33.0987479;United States;fear;negative'],Negative,-0.5,Negative,-0.74
"['the626killa;president trump slams mccain on his criticism of military raid on yemen√∞≈∏‚Ä°¬æ√∞≈∏‚Ä°¬™  hear his tweet #mccain #trumppresident http√¢‚Ç¨¬¶;Worcester', ' MA;3818;349;0;en;-71.8022934;42.2625932;United States;unknown;neutral']",Negative,-0.1,Negative,-0.44
['Trinity_1;@realdonaldtrump @nytimes thank you president trump for standing up against the fake news of trashy nyt!!! √¢\x9d¬§;Mid-West;950;0;0;en;-106.2800242;43.4113604;United States;unknown;neutral'],Negative,-0.78,Negative,-0.36
['bellsan15;president trump backed away from what could have been a serious fight with china over its one-china policy:;Massachusetts;117;5;0;en;-71.3824374;42.4072107;United States;unknown;negative'],Negative,-0.33,Negative,-0.42
['Casperventer;#manypeoplearesaying there is something psychologically wrong with the president.;Canada;1137;143;0;en;-106.346771;56.130366;Canada;unknown;negative'],Negative,-0.5,Negative,-0.48
"['norwin55;president trump√¢‚Ç¨‚Ñ¢s infatuation with vladimir putin is deeply troublesome. americans deserve to know what√¢‚Ç¨‚Ñ¢s behind it. https√¢‚Ç¨¬¶;Harrisburg', ' Pennsylvania;646;923;0;en;-76.8867008;40.2731911;United States;joy;neutral']",Negative,-0.2,Negative,-0.46
"['MNBonnie;chaffetz: ""so president trump..."" drowned out by boos. #chaffetztownhall;unknown;462;234;0;en;-100.113952;76.250578;Arctic;unknown;positive']",Negative,-0.1,Negative,-0.6
"[""hellomike69;@impeach_d_trump you should impeach all you fucking assholes. president trump is the best.if you don't like it get the fuck out you assholes; Pennsylvania ;3;0;0;en;-77.1945247;41.2033216;United States;joy;negative""]",Negative,-0.5,Negative,-0.93
['badbadzoot;boycott @amazon for not supporting president trump√¢‚Ç¨‚Ñ¢s immigration executive order.  #boycottamazon #maga #tcot #ccot;earth;18;4;0;en;-102.4107493;34.2331373;United States;unknown;neutral'],Negative,-0.12,Negative,-0.18
"['CfrWayne;president trump slams mccain\'s raid failure comments: ""look at the mess our country is in"";Washington', ' DC;1251;10;0;en;-77.0368707;38.9071923;United States;unknown;negative']",Negative,-0.25,Negative,-0.7
"['H_Hawkes16;soros: √¢‚Ç¨Àúi will take down president trump√¢‚Ç¨‚Ñ¢. analyst - ""soros a wounded beast', ' bent on revenge"".;Texas', ' USA;3951;88;0;en;-99.9018131;31.9685988;United States;anger;negative']",Negative,-0.16,Neutral,0.0
"['zimbabwekid;why president trump seeks to build up terror fears where other presidents sought to soothe;Dallas', ' TX;112699;1;0;en;-96.7969879;32.7766642;United States;fear;negative']",Negative,-0.12,Negative,-0.74
"[""JpadiJj;@realdonaldtrump @nytimes thank you sir. expose all these fake media's. we support president trump.;unknown;7;0;0;en;-100.113952;76.250578;Arctic;unknown;neutral""]",Negative,-0.5,Positive,0.13
['Trinity_1;@realdonaldtrump @nytimes thank you president trump for working so hard to protect our country!!! you are supported by the majority!!!√¢\x9d¬§;Mid-West;950;0;0;en;-106.2800242;43.4113604;United States;joy;positive'],Negative,-0.46,Positive,0.79
"['Pammyfl;@davidgmcafee @realdonaldtrump get a grip! you will never take down president trump! pack and leave!;Port Orange', ' Florida;178;0;0;en;-80.9956105;29.1383165;United States;sadness;negative']",Negative,-0.16,Neutral,0.0
"RT @BMcAdory9: üö®Breaking News Alert üö® 

President @realDonaldTrump announces that the United States Of America will be withholding money fr‚Ä¶",Neutral,0.0,Positive,0.61
MY VOTE COUNTS &amp; IT‚ÄôS GOING TO PRESIDENT DONALD J. TRUMP!! üá∫üá∏üá∫üá∏üá∫üá∏ https://t.co/msAuRdcfjS https://t.co/bN6BQxCO5F,Neutral,0.0,Neutral,0.0
RT @KaiyaMcdowell: Donald J. Trump: PROTECT INCARCERATED COMMUNITIES FROM COVID-19 - Sign the Petition! https://t.co/oH4J5zf1xo via @Change,Neutral,0.0,Positive,0.56
"RT @EntheosShines: @menandwomen123 arrests 
https://t.co/GeHo7dJV8D

judges
https://t.co/bTDD4HKZ3B

media
https://t.co/j9Vaz51sT1

Post Is‚Ä¶",Neutral,0.0,Negative,-0.44
RT @KaiyaMcdowell: Donald J. Trump: PARENTS WITH CHILDREN OVER THE AGE OF 16 SHOULD RECEIVE THE $500 STIMULUS CREDIT - Sign the Petition! h‚Ä¶,Neutral,0.0,Positive,0.56
"üö®Breaking News Alert üö® 

President @realDonaldTrump announces that the United States Of America will be withholding‚Ä¶ https://t.co/0NShRJgNbr",Neutral,0.0,Positive,0.61
"RT @russthny: @RepLoisFrankel @tinyboo49 Upon learning that the stock market was in decline as a result of the COVID-19 Pandemic, Donald J.‚Ä¶",Neutral,0.0,Neutral,0.0
RT @veytia_jorge: @MyManMap2020 @stlpcs @SonicDeanBoom @MAmaro14006544 @deplorabledocs @DayleyGary @mom2JPbaseball @bernadette_diab @TrumpC‚Ä¶,Neutral,0.0,Neutral,0.0
RT @veytia_jorge: @nancyrwe @stlpcs @SonicDeanBoom @MAmaro14006544 @deplorabledocs @DayleyGary @mom2JPbaseball @bernadette_diab @TrumpCa577‚Ä¶,Neutral,0.0,Neutral,0.0
"@realDonaldTrump TRUMP STOP DISRESPECTING AMERICANS! TRUMP, STOP LYING ON THE DAM MEDICATIONS, YOU ARE KILLING AMER‚Ä¶ https://t.co/sNeVCX93zl",Neutral,0.0,Negative,-0.95
RT @veytia_jorge: @FredP72 @stlpcs @SonicDeanBoom @MAmaro14006544 @deplorabledocs @DayleyGary @mom2JPbaseball @bernadette_diab @TrumpCa5772‚Ä¶,Neutral,0.0,Neutral,0.0
RT @veytia_jorge: @TrumpSupport13 @stlpcs @SonicDeanBoom @MAmaro14006544 @deplorabledocs @DayleyGary @mom2JPbaseball @bernadette_diab @Trum‚Ä¶,Neutral,0.0,Neutral,0.0
RT @WHPublicPool: President Donald J. Trump Approves Minnesota Disaster Declaration https://t.co/expG17Q0OG,Neutral,0.0,Negative,-0.34
Donald J. Trump: Kick China out of the World Trade Organization - Sign the Petition! https://t.co/13QzrgP8mE via @UKChange,Neutral,0.0,Neutral,0.0
"RT @AtomicAnalyst: BREAKING NEWS: US individual taxpayers ""will look at ending funding"" of the Donald J. Trump administration because they‚Ä¶",Neutral,0.0,Neutral,0.0
Que todos est√©n alerta  con el.presidente Donald J Trump  ahora quiere $3000 si andan manejando  que cabrones  por‚Ä¶ https://t.co/jz7dxDKhLY,Neutral,0.0,Neutral,0.0
RT @veytia_jorge: @stlpcs @SonicDeanBoom @MAmaro14006544 @deplorabledocs @DayleyGary @mom2JPbaseball @bernadette_diab @TrumpCa57729417 @Jef‚Ä¶,Neutral,0.0,Neutral,0.0
RT @bethlahem16: @realDonaldTrump üôèHeavens Father Holy God Jesus Christ my Lord Strengthen My President Donald J Trump That he may complete‚Ä¶,Neutral,0.0,Positive,0.53
WASHINGTON (The Borowitz Report)‚ÄîPeople should get in the habit of thoroughly disinfecting their televisions after‚Ä¶ https://t.co/uDDja8ozXF,Neutral,0.0,Neutral,0.0
US Pr√§sident Donald J. Trump best√§tigt Rettung von Frauen und Kindern! https://t.co/bexLIREH1F via @YouTube,Neutral,0.0,Neutral,0.0
"Ustedes escucharon el discurso de la Uni√≥n? S√≠, ese que Nancy Pelosi destruy√≥! Bien pues en ese discurso nuestro Pr‚Ä¶ https://t.co/NmBtLrhCxb",Neutral,0.0,Neutral,0.0
"RT @electionsmith: @peterbakernyt On March 9, 2020, Donald J. Trump requested a VBM ballot from the Palm Beach County, Florida, Supervisor‚Ä¶",Neutral,0.0,Neutral,0.0
"@Andy_Staples Upon learning that the stock market was in decline as a result of the COVID-19 Pandemic, Donald J. Tr‚Ä¶ https://t.co/yy9PUWYh0n",Neutral,0.0,Neutral,0.0
"üá∫üá∏üá∫üá∏üá∫üá∏üá∫üá∏üá∫üá∏üá∫üá∏üá∫üá∏üá∫üá∏üá∫üá∏üá∫üá∏üá∫üá∏üá∫üá∏üá∫üá∏

         üá∫üá∏DONALD J. TRUMPüá∫üá∏
     üá∫üá∏BEST PRESIDENT EVERüá∫üá∏

üá∫üá∏üá∫üá∏üá∫üá∏üá∫üá∏üá∫üá∏üá∫üá∏üá∫üá∏üá∫üá∏üá∫üá∏üá∫üá∏üá∫üá∏üá∫üá∏üá∫üá∏ https://t.co/uvIvr9R9a1",Neutral,0.0,Neutral,0.0
"@RepLoisFrankel @tinyboo49 Upon learning that the stock market was in decline as a result of the COVID-19 Pandemic,‚Ä¶ https://t.co/D2wcItbjWB",Neutral,0.0,Neutral,0.0
"RT @middleageriot: Harry Truman: ""The buck stops here.""

Donald Trump: ""It's Barack Obama's fault. It's the CDC's fault. It's the WHO's fau‚Ä¶",Neutral,0.0,Negative,-0.72
"@Pmcknightnews @MsActiviss Upon learning that the stock market was in decline as a result of the COVID-19 Pandemic,‚Ä¶ https://t.co/lnuCxVvEjx",Neutral,0.0,Neutral,0.0
RT @veytia_jorge: @stlpcs @BulldogLoyalty @Mitten_Kitten__ @PierattChris @assembly63 @joyfaithstreng @WalterODim8 @kdfunke63 @RBW1926 @Prin‚Ä¶,Neutral,0.0,Neutral,0.0
"@Vamp_428 Upon learning that the stock market was in decline as a result of the COVID-19 Pandemic, Donald J. Trump‚Ä¶ https://t.co/taGCOOfwXA",Neutral,0.0,Neutral,0.0
"@CivRightsVoices Upon learning that the stock market was in decline as a result of the COVID-19 Pandemic, Donald J.‚Ä¶ https://t.co/NKLEesMEvg",Neutral,0.0,Neutral,0.0
"I‚Äôm just kidding, I don‚Äôt know anything about her 2nd amendment ideology, just her unwavering support for our savio‚Ä¶ https://t.co/LEObsQbT2w",Neutral,0.0,Positive,0.48
@realDonaldTrump @seanhannity @FoxNews Upon learning that the stock market was in decline as a result of the COVID-‚Ä¶ https://t.co/IoZe01cjxK,Neutral,0.0,Neutral,0.0
RT @EggiesFamily: @RepAdamSchiff DONALD J TRUMP IS MY PRESIDENT https://t.co/2LPP0qXH3F,Neutral,0.0,Neutral,0.0
@RepAdamSchiff DONALD J TRUMP IS MY PRESIDENT https://t.co/2LPP0qXH3F,Neutral,0.0,Neutral,0.0
"@Liberty4Canada @globalnews Trump's racism:
https://t.co/LNM7JhmVXm

Trump mocks handicapped reporter:‚Ä¶ https://t.co/6lToIbL2H0",Neutral,0.0,Negative,-0.8
"RT @JamesMelville: Donald Trump reportedly owns a stake in a company that produces hydroxychloroquine, the anti-malaria drug he has repeate‚Ä¶",Neutral,0.0,Neutral,0.0
['name;text;location;followers;retweets;favorites;lang;lon;lat;country;emotions;polarity'],Neutral,0.0,Neutral,0.0
['Nexus7900;liberal alert!  21 days ... and guess what!  president trump is still your president. √∞≈∏‚Äò\x8d√∞≈∏\x8f¬ª√∞≈∏‚Äò\x8f√∞≈∏\x8f¬ª√∞≈∏‚Äò≈†√∞≈∏\x8f¬ª√∞≈∏‚Ä°¬∫√∞≈∏‚Ä°¬∏;unknown;9781;4;0;en;-100.113952;76.250578;Arctic;fear;positive'],Neutral,0.0,Positive,0.42
['jamibethanne;.@repbilljohnson congress must step up and overturn president trump√¢‚Ç¨‚Ñ¢s discriminatory #eo banning #immigrants & #refugees #oxfam4refugees;unknown;3;0;0;en;-100.113952;76.250578;Arctic;unknown;negative'],Neutral,0.0,Neutral,0.0
"['A_Broham;""president trump agreed', ' at the request of president xi', ' to honor our \'one china\' policy.""  ordered around by the president of√¢‚Ç¨¬¶;unknown;217;290;0;en;-100.113952;76.250578;Arctic;unknown;positive']",Neutral,0.0,Positive,0.65
['Lempp7;@asmith83 @rwpusa do you consider this intimidation or an act of exposing the left who is doing everything to boycott president trump? think;unknown;21;0;0;en;-100.113952;76.250578;Arctic;fear;neutral'],Neutral,0.0,Negative,-0.77
"['1flwpbmll;president trump tweets: ""see you in court""  wa state ag responds: ""we\'ve seen him in court twice', ' and we\'re 2 for 2"";The Palm Beaches;246;679;0;en;-80.0796397;26.7256817;United States;unknown;positive']",Neutral,0.0,Neutral,0.0
"['PMarnash;president trump', ' after losing in court', ' says he will see the court. in court.;Chicago', ' IL;88;5219;0;en;-87.6297982;41.8781136;United States;unknown;positive']",Neutral,0.0,Negative,-0.38
['KevinJacksonTBS;so #republicans about to blow up #9th #9thcir;unknown;49687;2;3;en;-100.113952;76.250578;Arctic;unknown;negative'],Neutral,0.0,Neutral,0.0
['Leann_Bach;an open letter to the people of #iran president #trump & world leaders;UK (Just outside the EU);218;3;0;en;-100.113952;76.250578;Arctic;unknown;positive'],Neutral,0.0,Neutral,0.0
['Darodi;airline ceos are optimistic following talk with president trump - skift;New York;808;0;0;en;-74.0059413;40.7127837;United States;unknown;positive'],Neutral,0.0,Positive,0.32
"['moetmac1020;@metalmoccha @geierman777 no i voted for president trump;New York', ' USA;121;0;0;en;-74.0059413;40.7127837;United States;unknown;positive']",Neutral,0.0,Negative,-0.3
['Security1994;@hillaryclinton just kills you that president trump won! √∞≈∏¬§¬£this will be overturned. you should go back in the woods and stay there!;United States;437;0;0;en;-95.712891;37.09024;United States;unknown;positive'],Neutral,0.0,Positive,0.2
"[""COMRADEBLOOM;president trump: don't legalize hateful discrimination;unknown;299;0;0;en;-100.113952;76.250578;Arctic;anger;negative""]",Neutral,0.0,Positive,0.39
"[""jagbabyklh;kellyanne conway apologized to president trump after her comments about ivanka trump's clothing line;unknown;23;110;0;en;-100.113952;76.250578;Arctic;unknown;positive""]",Neutral,0.0,Positive,0.32
"[""georgestategov;today's chdt episode is here! should president trump be spending weekends at mar-a-lago?;Leipzig"", ' Germany;410;2;0;en;12.3730747;51.3396955;Federal Republic of Germany;unknown;positive']",Neutral,0.0,Neutral,0.0
"['rabbitaway;i would not wish to issue an invitation for president trump to appear on this programme', ' says @afneil;unknown;2383;368;0;en;-100.113952;76.250578;Arctic;unknown;positive']",Neutral,0.0,Negative,-0.31
['Timberati;president trump supports civil asset forfeiture which lets cops steal stuff;Northern California;1254;10;0;en;-120.8958242;38.8375215;United States;unknown;neutral'],Neutral,0.0,Positive,0.2
"['daaham12;president trump√¢‚Ç¨‚Ñ¢s travel ban will remain blocked', ' a federal appeals court ruled.;unknown;8;0;0;en;-100.113952;76.250578;Arctic;unknown;positive']",Neutral,0.0,Negative,-0.69
"['Ileanarig;vulnerable senate democrats: democratic senators who are up for re-election in 2018 from states where president trump wo√¢‚Ç¨¬¶;Weston', ' FL;53;165;0;en;-80.3997748;26.1003654;United States;unknown;positive']",Neutral,0.0,Neutral,0.0
"[""organicvittles;9th circuit court rules to uphold suspension of president trump's travel ban. what's next?;United States;1275;55;0;en;-95.712891;37.09024;United States;unknown;positive""]",Neutral,0.0,Negative,-0.56
"['SadiaMa19800;big: in phone call', ' wh says president trump agreed ""at the request of president xi"" to honor the ""one china"" policy;unknown;287;193;0;en;-100.113952;76.250578;Arctic;unknown;neutral']",Neutral,0.0,Positive,0.65
"['TheJokernaut;breaking news: president trump√¢‚Ç¨‚Ñ¢s travel ban remains blocked: an appeals court rejected a bid to reinstate it.;Chicago', ' Illinois', ' USA;129;4986;0;en;-87.6297982;41.8781136;United States;unknown;neutral']",Neutral,0.0,Negative,-0.84
"['ravikumar_8484;breaking: president trump to sign several executive orders at the white house tomorrow at midday;Rajkot', ' India;1047;203;0;en;70.8021599;22.3038945;Republic of India;unknown;positive']",Neutral,0.0,Neutral,0.0
"['keepcalmbutPATD;denying the holocaust targeted jews is antisemitism. u.s. house republicans', ' siding with president trump', ' have... htt√¢‚Ç¨¬¶;HE/THEY;1786;943;0;en;-100.113952;76.250578;Arctic;unknown;positive']",Neutral,0.0,Neutral,0.0
"[""DaherLou;@foxandfriends @jessebwatters president trump needs to invite some of these kids to white house. it's time to educate t√¢‚Ç¨¬¶;unknown;416;1;0;en;-100.113952;76.250578;Arctic;unknown;positive""]",Neutral,0.0,Positive,0.15
"['jonathanchait;literally the 1st sentence of the nyt story: ""president trump told president xi jinping of china on thursday evenin√¢‚Ç¨¬¶;Washington', ' D.C.;114907;2;3;en;-77.0368707;38.9071923;United States;unknown;positive']",Neutral,0.0,Positive,0.08
"['Prescott_Jr;""is president trump using fear to sell his ideas?"";unknown;73;30;0;en;-100.113952;76.250578;Arctic;fear;neutral']",Neutral,0.0,Negative,-0.49
['LochTheScot;reporting from my basket:  we the american people who voted 4 president trump had enough of the liberal shit...it shou√¢‚Ç¨¬¶;Western PA;2437;50;0;en;-80.0198957;40.4510694;United States;unknown;positive'],Neutral,0.0,Neutral,0.0
"['ThohaAli;us court refuses to reinstate trump\'s #muslimban  president trump tweets: ""see you in court"";unknown;121;121;0;en;-100.113952;76.250578;Arctic;unknown;positive']",Neutral,0.0,Neutral,0.0
['NoNoNotNormal;a sr. admin official says kellyanne conway apologized to president trump yesterday for pitching ivanka products in a nat√¢‚Ç¨¬¶;Delaware;364;66;0;en;-75.5276699;38.9108325;United States;unknown;positive'],Neutral,0.0,Positive,0.32
"['seriousabtplay;.@gershkuntzman: upset at president trump√¢‚Ç¨‚Ñ¢s cabinet of billionaires? boycott ""the lego batman movie"" this weekend;Fort Collins', ' CO;353;6;0;en;-105.084423;40.5852602;United States;unknown;negative']",Neutral,0.0,Negative,-0.6
['AlbertSteinII;president trump could walk on water and the left and the establishment would complain that he got the soles of his√¢‚Ç¨¬¶;USA;128;0;0;en;-95.712891;37.09024;United States;joy;negative'],Neutral,0.0,Negative,-0.36
['LLGirl50;ask president trump to support religious freedom! sign the petition:;Mid-Atlantic;57;6;0;en;-95.3920716;29.9419365;United States;unknown;positive'],Neutral,0.0,Positive,0.8
"[""all_hrs;the ninth circuit court of appeals is saying president trump doesn't have the same constitutional authority all presidents be√¢‚Ç¨¬¶;unknown;5916;741;0;en;-100.113952;76.250578;Arctic;unknown;positive""]",Neutral,0.0,Positive,0.08
['nance_benjamin;.@repsheaporter congress must step up and overturn president trump√¢‚Ç¨‚Ñ¢s discriminatory #eo banning #immigrants & #refugees #oxfam4refugees;unknown;3;0;0;en;-100.113952;76.250578;Arctic;unknown;negative'],Neutral,0.0,Neutral,0.0
"['K3lime;7 reasons #trump shouldn√¢‚Ç¨‚Ñ¢t trust turkey√¢‚Ç¨‚Ñ¢s autocratic leader #erdogan;Honuta', ' Ghana;1773;25;0;de;0.511016;6.8690071;Republic of Ghana;unknown;neutral']",Neutral,0.0,Positive,0.51
"[""Newton3Ann;every newsroom in america after president trump's 1st morning tweet √∞≈∏Àú‚Äö:;Franklin"", ' TN;62;2336;0;en;-86.8688899;35.9250637;United States;unknown;positive']",Neutral,0.0,Neutral,0.0
"[""_teen_problem;nordstrom stock rises after donald trump's tweet on wednesday morning"", ' president trump fired off a disparaging tweet about nordstrom', ' but t√¢‚Ç¨¬¶;unknown;1255;0;0;en;-100.113952;76.250578;Arctic;unknown;neutral']",Neutral,0.0,Negative,-0.53
"[""MarcusNoble16;@govinslee my families security is at risk because gov. inslee don't like president trump;unknown;0;0;0;en;-100.113952;76.250578;Arctic;joy;positive""]",Neutral,0.0,Negative,-0.2
['jamibethanne;.@senrobportman congress must step up and overturn president trump√¢‚Ç¨‚Ñ¢s discriminatory #eo banning #immigrants & #refugees #oxfam4refugees;unknown;3;0;0;en;-100.113952;76.250578;Arctic;unknown;negative'],Neutral,0.0,Neutral,0.0
"['BuyerBewareBaby;breaking : president trump vows ""big league"" tax cut;USA;1228;0;0;en;-95.712891;37.09024;United States;unknown;negative']",Neutral,0.0,Neutral,0.0
['nance_benjamin;.@senatorshaheen congress must step up and overturn president trump√¢‚Ç¨‚Ñ¢s discriminatory #eo banning #immigrants & #refugees #oxfam4refugees;unknown;3;0;0;en;-100.113952;76.250578;Arctic;unknown;negative'],Neutral,0.0,Neutral,0.0
"['DrummerTW366;""54% of americans disapprove of the job president trump is doing', ' or as betsy devos calls that', ' one-third."" -- @sethmeyers h√¢‚Ç¨¬¶;Glenpool', ' Ok;37;319;0;en;-96.0088843;35.9553737;United States;unknown;negative']",Neutral,0.0,Neutral,0.0
"[""vincebayless;ha! awesome!appeals court rules against president trump's travel ban;Tatooine;285;0;0;en;10.4508956;32.9210902;Republic of Tunisia;unknown;positive""]",Neutral,0.0,Neutral,0.0
"[""Seirra75;'see you in court': #presidenttrump responds to court's ruling blocking #immigrationorder;United States;5561;1;0;en;-95.712891;37.09024;United States;unknown;positive""]",Neutral,0.0,Negative,-0.38
"['bolajiarab;breaking: president trump√¢‚Ç¨‚Ñ¢s travel ban will remain blocked', ' a federal appeals court rules;WORLDWIDE;97;3365;0;en;-79.532157;43.8169837;Canada;unknown;positive']",Neutral,0.0,Negative,-0.69
"['BruceMHicks;americans trust trump administration more than news media', ' or do they', "" this could be fake news couldn't it?;Montreal;827;0;0;en;-73.567256;45.5016889;Canada;unknown;neutral""]",Neutral,0.0,Positive,0.05
"['asnakeofjuly;despite earlier remarks', ' president trump promised china\'s president u.s. will stick to the ""one-china"" doctrine;Chicago', ' IL;15;27;0;en;-87.6297982;41.8781136;United States;anger;neutral']",Neutral,0.0,Positive,0.36
"[""couldovfooledme;meanwhile canada's borders undefended...an open letter to the people of iran"", ' president trump & world leaders;unknown;1009;0;0;en;-100.113952;76.250578;Arctic;unknown;positive']",Neutral,0.0,Neutral,0.0
"['emilyinstl;aba house urges president trump to withdraw travel ban;St. Louis', ' MO;145;1;0;en;-90.1994042;38.6270025;United States;unknown;positive']",Neutral,0.0,Neutral,0.0
['cornellierdonn2;president trump [never come down];unknown;125;0;0;en;-100.113952;76.250578;Arctic;unknown;positive'],Neutral,0.0,Neutral,0.0
"['VeraLupe;""go buy ivanka\'s stuff"": kellyanne conway', ' senior adviser to president trump', "" plugs ivanka trump's merchandise;Loading Coordinates...;428;857;0;en;-100.113952;76.250578;Arctic;unknown;neutral""]",Neutral,0.0,Neutral,0.0
"['ravikumar_8484;poll: 40% of americans want president trump impeached', ' while 48% oppose his impeachment.  (public policy polling);Rajkot', ' India;1047;202;0;en;70.8021599;22.3038945;Republic of India;unknown;neutral']",Neutral,0.0,Positive,0.08
['Rambo_Pattar;president trump excites laughter. falstaff. his german origin not in sync with anglo-saxon establishment in us.;Punjab & Texas ;405;4;0;en;75.3412179;31.1471305;Republic of India;unknown;neutral'],Neutral,0.0,Positive,0.74
"[""WaspZealot;ninth circuit court of appeals activist judiciary has no place in our republic. president trump's executive order perfe√¢‚Ç¨¬¶ Where you arent looking....;unknown;909;268;0;en;-100.113952;76.250578;Arctic;unknown;positive""]",Neutral,0.0,Negative,-0.3
"[""anonymousW_M;what president trump is supposed to be doing while he's tweeting;Springfield"", ' MA;519;2;0;en;-72.589811;42.1014831;United States;unknown;negative']",Neutral,0.0,Neutral,0.0
"[""jasonlambkc;a group of patriots say they won't visit president trump at the white house. here√¢‚Ç¨‚Ñ¢s why:;Shawnee"", ' KS;1306;56;0;en;-94.7151865;39.0228485;United States;unknown;positive']",Neutral,0.0,Neutral,0.0
['LethorLux;how each senator voted on president trump√¢‚Ç¨‚Ñ¢s cabinet nominees;unknown;27;507;0;en;-100.113952;76.250578;Arctic;unknown;positive'],Neutral,0.0,Neutral,0.0
['laineyruns;2 former judges weigh in on the impact of president trump√¢‚Ç¨‚Ñ¢s critiques of the judiciary.;unknown;282;24;0;en;-100.113952;76.250578;Arctic;sadness;positive'],Neutral,0.0,Neutral,0.0
['liszewsk;on march 15th mail president trump a postcard that expresses support to him.the white house 1600 pennsylvania avenue nw√¢‚Ç¨¬¶;Beautiful Pa;4151;6;0;en;-77.8571306;40.7868269;United States;unknown;positive'],Neutral,0.0,Positive,0.4
"['Coleby_;thank you president trump for appointing a leader who understands√∞≈∏‚Äò‚Ä∞√∞≈∏\x8f¬ª ""islam is like a malignant cancer that has metastasized√¢‚Ç¨\x9d -√¢‚Ç¨¬¶;United States;449;428;0;en;-95.712891;37.09024;United States;joy;neutral']",Neutral,0.0,Negative,-0.44
"['jpiresf;""thank you for calling the white house comment line. the comment line is currently closed√¢‚Ç¨¬¶√¢‚Ç¨\x9d;unknown;1288;0;0;pt;-100.113952;76.250578;Arctic;unknown;positive']",Neutral,0.0,Neutral,0.0
"['VKerapolku;coming up at 1.30pm', ' @robertmooreitv reports on another hurdle for president trump', ' as three judges agree his travel ban is no√¢‚Ç¨¬¶;N√É¬§en Turun Tuomiokirkolle;163;2;0;fi;22.278325;60.452473;Republic of Finland;unknown;positive']",Neutral,0.0,Negative,-0.27
"[""Don_Rivers1;watch as obama assaults supreme court during 2010 sotu. now tell us president trump's attack is unprecedented.;Upstate NY;698;31;0;en;-73.9865533;40.7263542;United States;unknown;negative""]",Neutral,0.0,Negative,-0.46
['nance_benjamin;.@senatorhassan congress must step up and overturn president trump√¢‚Ç¨‚Ñ¢s discriminatory #eo banning #immigrants & #refugees #oxfam4refugees;unknown;3;0;0;en;-100.113952;76.250578;Arctic;unknown;negative'],Neutral,0.0,Neutral,0.0
"['B4racud454;opinion: note to bewildered democrats: hating president trump is not a policy (via @lizpeek);California', ' USA;9;101;0;en;-119.4179324;36.778261;United States;unknown;negative']",Neutral,0.0,Negative,-0.51
"['MegMcCloskey;literally the 1st sentence of the nyt story: ""president trump told president xi jinping of china on thursday evening ...√¢‚Ç¨¬¶;New York;4961;4;0;en;-74.0059413;40.7127837;United States;unknown;positive']",Neutral,0.0,Positive,0.08
"['thomrayne;the rule of law is not dead it is in a politically-induced coma. president trump', ' revive and restore the rule of law.;NC;2635;2;0;en;-79.0192997;35.7595731;United States;unknown;positive']",Neutral,0.0,Positive,0.79
"['kenc2001;breaking: federal court stands in the way of trump exec order  kenneth', '  president trump is fighting to keep the...;New York;34109;0;0;en;-74.0059413;40.7127837;United States;unknown;negative']",Neutral,0.0,Negative,-0.36
"['Batman710;pennsylvania lawmaker to president trump: ""why don\'t you come after me you fascist', ' loofa-faced s***-gibbon"";unknown;404;217;0;en;-100.113952;76.250578;Arctic;unknown;neutral']",Neutral,0.0,Negative,-0.56
"['WHIORadio;president trump calls ninth circuit decision on his immigration order ""disgraceful"";Dayton', ' Ohio;10219;1;0;en;-84.1916069;39.7589478;United States;unknown;neutral']",Neutral,0.0,Neutral,0.0
"['lisaskov;appeals court unanimously stuns so-called president trump', ' handing him an unequivocal defeat. including the chief judge appoin√¢‚Ç¨¬¶;unknown;20;5352;0;en;-100.113952;76.250578;Arctic;unknown;neutral']",Neutral,0.0,Negative,-0.44
['Morpheyous;(via;Grand Island NY;759;0;0;en;-78.9657302;43.0216283;United States;unknown;positive'],Neutral,0.0,Neutral,0.0
"[""GwadMakeda;speaker of britain's house of commons says president trump should not address lawmakers during state visit in july;unknown;97;714;0;fr;-100.113952;76.250578;Arctic;unknown;positive""]",Neutral,0.0,Neutral,0.0
['fiscalconserve;is this @ap attempt to delegitimize president trump by using a pic of alec baldwin as trump? #mediabias #fakenews√¢‚Ç¨¬¶;United States;920;0;0;en;-95.712891;37.09024;United States;joy;positive'],Neutral,0.0,Neutral,0.0
['latinthompson05;do you agree with the 9th circuit courts decision against president trump and americans safety? vote and retweet!!!!!;unknown;33;737;0;en;-100.113952;76.250578;Arctic;unknown;positive'],Neutral,0.0,Positive,0.76
"['GaryRandone;@realdonaldtrump @nytimes thank you president trump for keeping the people informed of the facts;Long Island', ' NY;10;0;0;en;-73.134961;40.789142;United States;unknown;positive']",Neutral,0.0,Positive,0.36
['JoyceSHP;delta.. 25thousand jobs coming! thank you president trump! for making industry start again in the usa! promises happening√∞≈∏‚Äô‚Ñ¢;United States;27;0;0;en;-95.712891;37.09024;United States;unknown;positive'],Neutral,0.0,Positive,0.72
['DaphneBinulski;in #9thcircuit #9th vengeance is coming!;Germany;757;1;0;de;10.451526;51.165691;Federal Republic of Germany;unknown;negative'],Neutral,0.0,Neutral,0.0
['Ohliad;us allies worry about joint intel operations under president√Ç\xa0trump;unknown;114;0;0;uk;-100.113952;76.250578;Arctic;joy;negative'],Neutral,0.0,Negative,-0.44
['DonaldLBean1;breaking: ninth circuit court of appeals rules against president trump travel ban remains blocked √¢‚Ç¨‚Äúftr #fortherecord @msnbc;0;22;90;0;;24.5022981;44.200797;Romania;unknown;positive'],Neutral,0.0,Negative,-0.69
['dRenaissanceMan;@pstni @marrybacon dawkins is simply agreeing with president trump. @richarddawkins;√£∆í‚Äπ√£∆í¬´√£∆í¬¥√£‚Äö¬°√£∆í¬º√£∆í≈†;41;0;0;en;139.4457513;35.5455784;Japan;unknown;positive'],Neutral,0.0,Positive,0.34
"['jefferson65;@realdonaldtrump @nytimes praying for you president trump and all your family', ' and our country;Mackinac Island', ' MI;124;0;0;en;-84.6189339;45.8491796;United States;unknown;positive']",Neutral,0.0,Positive,0.36
['Avuxeni_;2. instead they have a rubber stamp for president trump;unknown;2326;87;0;en;-100.113952;76.250578;Arctic;unknown;neutral'],Neutral,0.0,Neutral,0.0
"[""RichardLomax8;@foxandfriends it is their lost not president trump's.;unknown;3;0;0;en;-100.113952;76.250578;Arctic;unknown;negative""]",Neutral,0.0,Negative,-0.32
"[""AtheistWWonka;@realdonaldtrump @nytimes trust no one. tell us about the aliens president trump. what's in area 51;New York"", ' USA;14883;0;1;en;-74.0059413;40.7127837;United States;unknown;positive']",Neutral,0.0,Positive,0.27
['judymorris3;liberal 9th circuit court rules against president trump - travel ban remains blocked #presidenttrump #9thcircuit...;Texas;3850;0;0;en;-99.9018131;31.9685988;United States;unknown;positive'],Neutral,0.0,Negative,-0.69
"['np1972jmc;hopefully', ' this ruling teaches president trump a lesson in american history and how our democracy is supposed to work here√¢‚Ç¨¬¶;Prescott', ' AZ;8;6183;0;en;-112.4685025;34.5400242;United States;unknown;positive']",Neutral,0.0,Neutral,0.0
"['MarcoGonzalez04;court ruling against president trump is a learning moment for americans & for the world about our system of checks and balan√¢‚Ç¨¬¶;Brownsville', ' Texas;118;4622;0;en;-97.4974838;25.9017472;United States;unknown;positive']",Neutral,0.0,Neutral,0.0
['13rowneyes;brands all over the world are praying that president trump attacks them;unknown;181;354;0;en;-100.113952;76.250578;Arctic;unknown;positive'],Neutral,0.0,Negative,-0.1
['nanluvsmatt;breaking video : president trump responds to 9th circuit ruling;USA;2298;17;0;en;-95.712891;37.09024;United States;unknown;positive'],Neutral,0.0,Neutral,0.0
"['Rgrm002000;@shearm @realdonaldtrump president trump will not give up protecting america!!!!;Henderson', ' NV;142;0;0;en;-114.9817213;36.0395247;United States;unknown;positive']",Neutral,0.0,Neutral,0.0
"['GlobalDevInc;today', ' we stand with >175 ngo leaders asking @potus to abandon his #muslimban. our letter:;unknown;1283;2;0;en;-100.113952;76.250578;Arctic;unknown;neutral']",Neutral,0.0,Negative,-0.44
['davidkinneytu;anglers to @potus √¢‚Ç¨‚Äù veto resolution that overturns #streamprotectionrule and protect #cleanwater;unknown;35;40;0;en;-100.113952;76.250578;Arctic;joy;negative'],Neutral,0.0,Positive,0.38
"['Angelicd_Nerd;breaking: preliminary impeachment inquiry filed against president trump √¢‚Ä†‚Äô;Oklahoma', ' USA;46;4623;0;en;-97.092877;35.0077519;United States;unknown;positive']",Neutral,0.0,Neutral,0.0
['ConceptGrp;should president trump be spending weekends at mar-a-lago?;unknown;3983;0;0;en;-100.113952;76.250578;Arctic;unknown;positive'],Neutral,0.0,Neutral,0.0
"[""acb_arizona;poll: 9th circuit court upholds suspension of president trump's immigration order  do you agree with the ruling?;NORTH EAST OF THE WALL"", ' NJ;1052;1006;0;en;-74.0679753;40.1606666;United States;unknown;positive']",Neutral,0.0,Positive,0.36
"[""ravikumar_8484;breaking: president trump says 'iran is playing with fire';Rajkot"", ' India;1047;180;0;en;70.8021599;22.3038945;Republic of India;unknown;positive']",Neutral,0.0,Positive,0.2
['brianhammar;i think president trump should go pro se before scotus.;unknown;38;1165;0;en;-100.113952;76.250578;Arctic;unknown;positive'],Neutral,0.0,Neutral,0.0
['DclareDiane;yes: trey gowdy tears apart court ruling against president trump;MN;8210;2;0;en;-94.6858998;46.729553;United States;unknown;positive'],Neutral,0.0,Negative,-0.23
"['iveyjanette_207;kellyanne conway apologized to president trump after ivanka clothing line comments;Albuquerque', ' NM;1690;1;0;en;-106.6055534;35.0853336;United States;unknown;positive']",Neutral,0.0,Positive,0.32
"['BillSchmittIII;space: under trump', ' nasa may focus on jump-starting space economy: report;unknown;53;1;0;en;-100.113952;76.250578;Arctic;unknown;positive']",Neutral,0.0,Neutral,0.0
['jamibethanne;.@sensherrodbrown congress must step up and overturn president trump√¢‚Ç¨‚Ñ¢s discriminatory #eo banning #immigrants & #refugees #oxfam4refugees;unknown;3;0;0;en;-100.113952;76.250578;Arctic;unknown;negative'],Neutral,0.0,Neutral,0.0
"[""newsprnetwork;why won't democrats give president trump his cabinet?;unknown;1585;0;0;en;-100.113952;76.250578;Arctic;unknown;positive""]",Neutral,0.0,Neutral,0.0
"[""PatrickHolmes61;fareed zakaria gives his take on president trump's executive order.;Sobeys;949;16325;0;en;-75.4561104;45.4695045;Canada;unknown;positive""]",Neutral,0.0,Neutral,0.0
"['JohnnyNguyen955;president trump has agreed during a phone call with chinese president xi to honor the one china policy', ' the white house says;Chicago', ' IL;837;234;0;en;-87.6297982;41.8781136;United States;unknown;positive']",Neutral,0.0,Positive,0.65
"[""ravikumar_8484;united states: president trump says 'nothing is off the table' when asked whether military action is off the table for√¢‚Ç¨¬¶;Rajkot"", ' India;1047;118;0;en;70.8021599;22.3038945;Republic of India;unknown;positive']",Neutral,0.0,Neutral,0.0
"[""Ciao42Dolce;disapproval of president trump's job performance rises;Mesa"", ' AZ;60;177;0;en;-111.8314724;33.4151843;United States;unknown;negative']",Neutral,0.0,Neutral,0.0
"['RealPadgett;@peaceandjoy101 @donaldtrump @potus look who else supports president trump!!;Augusta', ' GA;701;4;0;en;-82.0105148;33.4734978;United States;unknown;positive']",Neutral,0.0,Positive,0.47
"['greenmanRD;president trump is also probably going to lead to a load of people ating @scotusblog incorrectly.;Bryn Mawr', ' PA;274;0;0;en;-75.3151772;40.0230237;United States;unknown;neutral']",Neutral,0.0,Neutral,0.0
